"","No","Tanggal","Judul","Kategori","Tautan"
"1",1,2022-10-17,"List of The Famous Voice Actors & Actresses Behind Your Favorite Cartoons","Culture","bit.ly/3S6wRkO"
"2",2,2022-10-18,"The 7 Different Learning Styles (And What They Are)","Categories","bit.ly/3CFK8ey"
"3",3,2022-10-19,"The Ultimate Lifehack Survival Guide – Tips For Making Life Easier","Education","bit.ly/3VFAHUO"
"4",4,2022-10-20,"The Visual Guide To Watermelons","Education","bit.ly/3eN3Ywq"
"5",5,2022-10-21,"28 Of The World’s Most Incredible Waffles From Around The Globe","Culture","bit.ly/3F71bc0"
"6",6,2022-10-22,"The Location Of Emotions","Education","bit.ly/3CUtGqF"
"7",7,2022-10-23,"The Guide To The Best Places To Apply Your Fragrance","Education","bit.ly/3DqndWd"
"8",8,2022-10-23,"10 Tips On How To Calm Your Anxiety","Education","bit.ly/3gcxEn7"
"9",9,2022-10-23,"The Etymology of 21 Nintendo Character Names","Education","bit.ly/3TsFWWj"
"10",10,2022-10-24,"14 Kinds Of Headaches And Their Causes","Education","bit.ly/3z3RHuf"
"11",11,2022-10-24,"A Visual Guide to Disaster Preparedness","Education","bit.ly/3z6MNwA"
"12",12,2022-10-24,"Table Setting Tips For Every Occasion","Education","bit.ly/3D3Huz9"
"13",13,2022-10-24,"A Beginner’s Guide To Wine Storage at Home","Career","bit.ly/3CSIZjO"
"14",14,2022-10-26,"How Many Mobile Phones Are Sold Each Year?","Business","https://dailyinfographic.com/how-many-mobile-phones-are-sold-each-year"
"15",15,2022-10-26,"10 Essential Vegetable Cuts You Should Know","Education","https://dailyinfographic.com/10-essential-vegetable-cuts-you-should-know"
"16",16,2022-10-26,"Green Manufacturing with SAP","Education","https://dailyinfographic.com/green-manufacturing-with-sap"
"17",17,2022-10-27,"Best Electric Cars in 2022","Business","https://dailyinfographic.com/best-electric-cars-in-2022"
"18",18,2022-10-31,"PPE 101: Your Guide To Personal Protective Equipment","Education","https://dailyinfographic.com/ppe-101-your-guide-to-personal-protective-equipment"
"19",19,2022-11-09,"What Instrument Did Each of The Beatles Play?","Career","https://dailyinfographic.com/every-instrument-played-by-each-of-the-beatles"
"20",20,2022-11-09,"A Man’s Guide To Beards — A Visual Guide","Education","https://dailyinfographic.com/a-mans-guide-to-beards"
"21",21,2022-11-10,"The 10 Most Common Nightmares And What They Really Mean","Education","https://dailyinfographic.com/most-common-nightmares-and-what-they-mean"
"22",22,2022-11-11,"The Most Common Food Allergies Symptoms You Must Know!","Education","https://dailyinfographic.com/the-most-common-food-allergies-symptoms"
"23",23,2022-11-13,"How To Plant A Tree: Six Easy Steps","Education","https://dailyinfographic.com/how-to-plant-a-tree"
"24",24,2022-11-13,"10 Bad Listening Habits That Stunt Your Growth","Career","https://dailyinfographic.com/listening-habits-to-avoid"
"25",25,2022-11-14,"Biggest Animals On The Planet: Modern & Extinct","Animals","https://dailyinfographic.com/giant-animals-modern-and-extinct"
"26",26,2022-11-16,"Lighting Guide: The 24 Master Pro Portrait Setups","Business","https://dailyinfographic.com/lighting-guide-the-24-master-pro-portrait-setups"
"27",27,2022-11-17,"Chart Showing How Many FIFA World Cups Each Country Has Won","Education","https://dailyinfographic.com/fifa-world-cup-wins-by-country"
"28",28,2022-11-17,"Worm Composting: Everything You Need To Know!","Education","https://dailyinfographic.com/worm-composting"
"29",29,2022-11-18,"8 Different Types of Love According to the Ancient Greeks","Education","https://dailyinfographic.com/different-types-of-love"
"30",30,2022-11-19,"The Most Important Happiness Hacks In The World!","Education","https://dailyinfographic.com/happiness-hacks"
"31",31,2022-11-20,"Average UK House Prices Since 1950s","Business","https://dailyinfographic.com/average-uk-house-prices-since-1950s"
"32",32,2022-11-22,"How To Develop A Healthy Self Esteem: 10 Tips","Education","https://dailyinfographic.com/how-to-develop-a-healthy-self-esteem-10-tips"
"33",33,2022-11-23,"4 Ways To Distinguish Stomach Hunger Vs Brain Hunger","Education","https://dailyinfographic.com/distinguish-stomach-hunger-vs-brain-hunger"
"34",34,2022-11-24,"The Visual Guide To All The Different Types Of Onions","Education","https://dailyinfographic.com/guide-to-onions"
"35",35,2022-11-24,"7 Signs You May Have Been Mentally Abused","Education","https://dailyinfographic.com/signs-you-may-have-been-mentally-abused"
"36",36,2022-11-25,"A Non-Native English Speaker’s Guide to Paper Products","Education","https://dailyinfographic.com/a-non-native-english-speakers-guide-to-paper-products"
"37",37,2022-11-26,"The Ultimate Guide to Volcanoes","Education","https://dailyinfographic.com/guide-to-volcanoes"
"38",38,2022-11-28,"Men vs Women: Heart Attack and Stroke Symptoms","Education","https://dailyinfographic.com/men-vs-women-heart-attack-and-stroke-symptoms"
"39",39,2022-11-28,"Different Types of Butter (and How They’re Used)","Education","https://dailyinfographic.com/different-types-of-butter-and-how-theyre-used"
"40",40,2022-11-30,"A Timeline Of What Happens To Your Body When You Quit Smoking","Education","https://dailyinfographic.com/what-happens-to-your-body-when-you-quit-smoking"
"41",41,2022-11-30,"The Ultimate Backpacking Packing List","Education","https://dailyinfographic.com/backpacking-packing-list"
"42",42,2022-12-01,"Psychological Reasons Why We Love Horror Movies","Education","https://dailyinfographic.com/psychological-reasons-why-we-love-horror-movies"
"43",43,2022-12-03,"10 Tips On How To Avoid Crowd Crush","Education","https://dailyinfographic.com/tips-on-how-to-avoid-crowd-crush"
"44",44,2022-12-03,"Winter Driving Essentials: 8 Things You Need To Survive The Snow & Ice","Education","https://dailyinfographic.com/things-you-need-to-survive-the-snow-ice"
"45",45,2022-12-05,"10 Tips to Avoid Getting Drunk During The Holidays","Education","https://dailyinfographic.com/10-tips-to-avoid-getting-drunk-during-the-holidays"
"46",46,2022-12-06,"McDonald’s Logo Evolution Through The Years","Business","https://dailyinfographic.com/mcdonalds-logo-evolution-through-the-years"
"47",47,2022-12-07,"8 Types of Abuse Everyone Should Know About To Avoid Them","Education","https://dailyinfographic.com/types-of-abuse"
"48",48,2022-12-07,"6 Ways On How You Can Take On Tough Conversations And Come Out With Wins","Education","https://dailyinfographic.com/6-ways-on-how-you-can-take-on-tough-conversations-and-come-out-with-wins"
"49",49,2022-12-09,"15 Types of Motorcycles- Know Your Options","Categories","https://dailyinfographic.com/15-types-of-motorcycles"
"50",50,2022-12-09,"How To Make Perfume Last Longer","Internet","https://dailyinfographic.com/how-to-make-perfume-last-longer"
"51",51,2022-12-10,"Natural/Plant-Based Cleaning Solutions","Internet","https://dailyinfographic.com/natural-plant-based-cleaning-solutions"
"52",52,2022-12-11,"20 Cognitive Biases That Make You A Worse Decision-Maker Than You Realize","Culture","https://dailyinfographic.com/20-cognitive-biases-that-make-you-a-worse-decision-maker-than-you-realize"
"53",53,2022-12-12,"Beef Cooking Guide: Know Your Cuts and Their Best Cooking Methods","Animals","https://dailyinfographic.com/beef-cooking-guide-know-your-cuts-and-their-best-cooking-methods"
"54",54,2022-12-14,"Himalayan Salt vs Sea Salt","Education","https://dailyinfographic.com/himalayan-salt-vs-sea-salt"
"55",55,2022-12-14,"The Hidden Meanings Behind Disney Princess Names","Culture","https://dailyinfographic.com/disney-princess-names-language-and-meanings"
"56",56,2022-12-15,"The Perfect Guide To The Perfect Pant-Shirt Combination","Education","https://dailyinfographic.com/mens-guide-to-perfect-pant-shirt-combination"
"57",57,2022-12-17,"7 Life-Changing Tools For Recovering From Mental Illness","Career","https://dailyinfographic.com/7-life-changing-tools-for-recovering-from-mental-illness"
"58",58,2022-12-18,"A Visual History Of Every Major Pandemic","Culture","https://dailyinfographic.com/a-visual-history-of-every-major-pandemic"
"59",59,2022-12-19,"A Visual Compendium Of Pizza Around The World","Culture","https://dailyinfographic.com/a-visual-compendium-of-pizza-around-the-world"
"60",60,2022-12-21,"7 Habits To Increase Productivity","Internet","https://dailyinfographic.com/habits-of-highly-effective-people"
"61",61,2022-12-22,"MOBILE PHONE STATISTICS – SELLCELL","Business","https://dailyinfographic.com/mobile-phone-statistics-sellcell"
"62",62,2022-12-23,"Campfire Tricks You Have To Try","Entertainment","https://dailyinfographic.com/cool-campfire-tricks"
"63",63,2022-12-24,"How To Disappear From The Internet And Never Look Back","Education","https://dailyinfographic.com/how-to-disappear-from-the-internet-and-never-look-back"
"64",64,2022-12-24,"The Ultimate Guide to 40 Different Types of Pizza","Culture","https://dailyinfographic.com/different-types-of-pizza"
"65",65,2022-12-25,"What Happens When You Recycle","Education","https://dailyinfographic.com/what-happens-when-you-recycle"
"66",66,2022-12-27,"Things You Need To Know About Eating Sushi","Culture","https://dailyinfographic.com/things-you-need-to-know-about-eating-sushi"
"67",67,2022-12-28,"Learn To Read Russian In 15 Minutes: The Unofficial Guide","Culture","https://dailyinfographic.com/learn-to-read-russian"
"68",68,2022-12-28,"23 Beer Glass Types – Everything You Need To Know.","Education","https://dailyinfographic.com/23-beer-glass-types"
"69",69,2022-12-29,"8 Causes For Procrastination And How To Overcome Them","Career","https://dailyinfographic.com/8-causes-for-procrastination-and-how-to-overcome-them"
"70",70,2022-12-30,"What is Chanukah? A Quick Look at the Jewish Holiday","Culture","https://dailyinfographic.com/what-is-chanukah"
"71",71,2022-12-31,"The World’s Population Compared To India’s, In One Map","Education","https://dailyinfographic.com/worlds-population-compared-to-india"
"72",72,2023-01-01,"8 Self-Care Tips For When You’re Struggling During The Holidays","Health","https://dailyinfographic.com/holiday-self-care-tips"
